PairIndex,Drug1,Drug2,Conc1,Conc2,Response,ConcUnit,Sample
1,AMP,CLA,0,0,100,uM,ATCC 19977
1,AMP,CLA,0.25,0,100,uM,ATCC 19977
1,AMP,CLA,0.5,0,100,uM,ATCC 19977
1,AMP,CLA,1,0,100,uM,ATCC 19977
1,AMP,CLA,2,0,100,uM,ATCC 19977
1,AMP,CLA,4,0,100,uM,ATCC 19977
1,AMP,CLA,8,0,100,uM,ATCC 19977
1,AMP,CLA,16,0,100,uM,ATCC 19977
1,AMP,CLA,32,0,100,uM,ATCC 19977
1,AMP,CLA,64,0,100,uM,ATCC 19977
1,AMP,CLA,128,0,0,uM,ATCC 19977
1,AMP,CLA,0,0.06,100,uM,ATCC 19977
1,AMP,CLA,0.25,0.06,100,uM,ATCC 19977
1,AMP,CLA,0.5,0.06,96.35761589,uM,ATCC 19977
1,AMP,CLA,1,0.06,100,uM,ATCC 19977
1,AMP,CLA,2,0.06,97.35099338,uM,ATCC 19977
1,AMP,CLA,4,0.06,75.49668874,uM,ATCC 19977
1,AMP,CLA,8,0.06,100,uM,ATCC 19977
1,AMP,CLA,16,0.06,76.68874172,uM,ATCC 19977
1,AMP,CLA,32,0.06,62.58278146,uM,ATCC 19977
1,AMP,CLA,64,0.06,69.33774834,uM,ATCC 19977
1,AMP,CLA,128,0.06,37.35099338,uM,ATCC 19977
1,AMP,CLA,0,0.13,100,uM,ATCC 19977
1,AMP,CLA,0.25,0.13,100,uM,ATCC 19977
1,AMP,CLA,0.5,0.13,100,uM,ATCC 19977
1,AMP,CLA,1,0.13,100,uM,ATCC 19977
1,AMP,CLA,2,0.13,100,uM,ATCC 19977
1,AMP,CLA,4,0.13,74.70198675,uM,ATCC 19977
1,AMP,CLA,8,0.13,95.56291391,uM,ATCC 19977
1,AMP,CLA,16,0.13,66.1589404,uM,ATCC 19977
1,AMP,CLA,32,0.13,61.98675497,uM,ATCC 19977
1,AMP,CLA,64,0.13,75.69536424,uM,ATCC 19977
1,AMP,CLA,128,0.13,46.09271523,uM,ATCC 19977
1,AMP,CLA,0,0.25,100,uM,ATCC 19977
1,AMP,CLA,0.25,0.25,86.42384106,uM,ATCC 19977
1,AMP,CLA,0.5,0.25,83.8410596,uM,ATCC 19977
1,AMP,CLA,1,0.25,100,uM,ATCC 19977
1,AMP,CLA,2,0.25,100,uM,ATCC 19977
1,AMP,CLA,4,0.25,65.7615894,uM,ATCC 19977
1,AMP,CLA,8,0.25,91.19205298,uM,ATCC 19977
1,AMP,CLA,16,0.25,57.41721854,uM,ATCC 19977
1,AMP,CLA,32,0.25,46.68874172,uM,ATCC 19977
1,AMP,CLA,64,0.25,62.18543046,uM,ATCC 19977
1,AMP,CLA,128,0.25,31.39072848,uM,ATCC 19977
1,AMP,CLA,0,0.5,52.84768212,uM,ATCC 19977
1,AMP,CLA,0.25,0.5,44.30463576,uM,ATCC 19977
1,AMP,CLA,0.5,0.5,69.73509934,uM,ATCC 19977
1,AMP,CLA,1,0.5,53.8410596,uM,ATCC 19977
1,AMP,CLA,2,0.5,61.78807947,uM,ATCC 19977
1,AMP,CLA,4,0.5,51.45695364,uM,ATCC 19977
1,AMP,CLA,8,0.5,62.38410596,uM,ATCC 19977
1,AMP,CLA,16,0.5,37.74834437,uM,ATCC 19977
1,AMP,CLA,32,0.5,37.35099338,uM,ATCC 19977
1,AMP,CLA,64,0.5,56.42384106,uM,ATCC 19977
1,AMP,CLA,128,0.5,34.37086093,uM,ATCC 19977
1,AMP,CLA,0,1,32.38410596,uM,ATCC 19977
1,AMP,CLA,0.25,1,36.95364238,uM,ATCC 19977
1,AMP,CLA,0.5,1,41.52317881,uM,ATCC 19977
1,AMP,CLA,1,1,29.60264901,uM,ATCC 19977
1,AMP,CLA,2,1,45.49668874,uM,ATCC 19977
1,AMP,CLA,4,1,43.70860927,uM,ATCC 19977
1,AMP,CLA,8,1,58.80794702,uM,ATCC 19977
1,AMP,CLA,16,1,32.98013245,uM,ATCC 19977
1,AMP,CLA,32,1,24.0397351,uM,ATCC 19977
1,AMP,CLA,64,1,37.74834437,uM,ATCC 19977
1,AMP,CLA,128,1,37.74834437,uM,ATCC 19977
1,AMP,CLA,0,2,26.02649007,uM,ATCC 19977
1,AMP,CLA,0.25,2,25.82781457,uM,ATCC 19977
1,AMP,CLA,0.5,2,38.14569536,uM,ATCC 19977
1,AMP,CLA,1,2,28.21192053,uM,ATCC 19977
1,AMP,CLA,2,2,33.37748344,uM,ATCC 19977
1,AMP,CLA,4,2,24.63576159,uM,ATCC 19977
1,AMP,CLA,8,2,50.26490066,uM,ATCC 19977
1,AMP,CLA,16,2,35.9602649,uM,ATCC 19977
1,AMP,CLA,32,2,28.01324503,uM,ATCC 19977
1,AMP,CLA,64,2,33.77483444,uM,ATCC 19977
1,AMP,CLA,128,2,37.74834437,uM,ATCC 19977
1,AMP,CLA,0,4,8.54304636,uM,ATCC 19977
1,AMP,CLA,0.25,4,8.34437086,uM,ATCC 19977
1,AMP,CLA,0.5,4,55.23178808,uM,ATCC 19977
1,AMP,CLA,1,4,18.2781457,uM,ATCC 19977
1,AMP,CLA,2,4,32.38410596,uM,ATCC 19977
1,AMP,CLA,4,4,30.39735099,uM,ATCC 19977
1,AMP,CLA,8,4,39.13907285,uM,ATCC 19977
1,AMP,CLA,16,4,23.24503311,uM,ATCC 19977
1,AMP,CLA,32,4,31.78807947,uM,ATCC 19977
1,AMP,CLA,64,4,30.1986755,uM,ATCC 19977
1,AMP,CLA,128,4,25.03311258,uM,ATCC 19977
2,AMP,CLA-MEC,0,0,100,uM,ATCC 19977
2,AMP,CLA-MEC,0.25,0,100,uM,ATCC 19977
2,AMP,CLA-MEC,0.5,0,100,uM,ATCC 19977
2,AMP,CLA-MEC,1,0,100,uM,ATCC 19977
2,AMP,CLA-MEC,2,0,100,uM,ATCC 19977
2,AMP,CLA-MEC,4,0,100,uM,ATCC 19977
2,AMP,CLA-MEC,8,0,100,uM,ATCC 19977
2,AMP,CLA-MEC,16,0,100,uM,ATCC 19977
2,AMP,CLA-MEC,32,0,100,uM,ATCC 19977
2,AMP,CLA-MEC,64,0,100,uM,ATCC 19977
2,AMP,CLA-MEC,128,0,0,uM,ATCC 19977
2,AMP,CLA-MEC,0,0.06,100,uM,ATCC 19977
2,AMP,CLA-MEC,0.25,0.06,100,uM,ATCC 19977
2,AMP,CLA-MEC,0.5,0.06,100,uM,ATCC 19977
2,AMP,CLA-MEC,1,0.06,100,uM,ATCC 19977
2,AMP,CLA-MEC,2,0.06,100,uM,ATCC 19977
2,AMP,CLA-MEC,4,0.06,100,uM,ATCC 19977
2,AMP,CLA-MEC,8,0.06,100,uM,ATCC 19977
2,AMP,CLA-MEC,16,0.06,100,uM,ATCC 19977
2,AMP,CLA-MEC,32,0.06,100,uM,ATCC 19977
2,AMP,CLA-MEC,64,0.06,75.93167702,uM,ATCC 19977
2,AMP,CLA-MEC,128,0.06,55.43478261,uM,ATCC 19977
2,AMP,CLA-MEC,0,0.13,100,uM,ATCC 19977
2,AMP,CLA-MEC,0.25,0.13,100,uM,ATCC 19977
2,AMP,CLA-MEC,0.5,0.13,100,uM,ATCC 19977
2,AMP,CLA-MEC,1,0.13,100,uM,ATCC 19977
2,AMP,CLA-MEC,2,0.13,100,uM,ATCC 19977
2,AMP,CLA-MEC,4,0.13,100,uM,ATCC 19977
2,AMP,CLA-MEC,8,0.13,47.98136646,uM,ATCC 19977
2,AMP,CLA-MEC,16,0.13,100,uM,ATCC 19977
2,AMP,CLA-MEC,32,0.13,86.64596273,uM,ATCC 19977
2,AMP,CLA-MEC,64,0.13,100,uM,ATCC 19977
2,AMP,CLA-MEC,128,0.13,75.93167702,uM,ATCC 19977
2,AMP,CLA-MEC,0,0.25,100,uM,ATCC 19977
2,AMP,CLA-MEC,0.25,0.25,100,uM,ATCC 19977
2,AMP,CLA-MEC,0.5,0.25,100,uM,ATCC 19977
2,AMP,CLA-MEC,1,0.25,100,uM,ATCC 19977
2,AMP,CLA-MEC,2,0.25,100,uM,ATCC 19977
2,AMP,CLA-MEC,4,0.25,100,uM,ATCC 19977
2,AMP,CLA-MEC,8,0.25,21.89440994,uM,ATCC 19977
2,AMP,CLA-MEC,16,0.25,61.49068323,uM,ATCC 19977
2,AMP,CLA-MEC,32,0.25,52.17391304,uM,ATCC 19977
2,AMP,CLA-MEC,64,0.25,94.09937888,uM,ATCC 19977
2,AMP,CLA-MEC,128,0.25,45.65217391,uM,ATCC 19977
2,AMP,CLA-MEC,0,0.5,100,uM,ATCC 19977
2,AMP,CLA-MEC,0.25,0.5,100,uM,ATCC 19977
2,AMP,CLA-MEC,0.5,0.5,100,uM,ATCC 19977
2,AMP,CLA-MEC,1,0.5,100,uM,ATCC 19977
2,AMP,CLA-MEC,2,0.5,100,uM,ATCC 19977
2,AMP,CLA-MEC,4,0.5,100,uM,ATCC 19977
2,AMP,CLA-MEC,8,0.5,40.99378882,uM,ATCC 19977
2,AMP,CLA-MEC,16,0.5,25.1552795,uM,ATCC 19977
2,AMP,CLA-MEC,32,0.5,21.89440994,uM,ATCC 19977
2,AMP,CLA-MEC,64,0.5,30.74534161,uM,ATCC 19977
2,AMP,CLA-MEC,128,0.5,19.56521739,uM,ATCC 19977
2,AMP,CLA-MEC,0,1,56.83229814,uM,ATCC 19977
2,AMP,CLA-MEC,0.25,1,74.06832298,uM,ATCC 19977
2,AMP,CLA-MEC,0.5,1,86.18012422,uM,ATCC 19977
2,AMP,CLA-MEC,1,1,20.0310559,uM,ATCC 19977
2,AMP,CLA-MEC,2,1,58.22981366,uM,ATCC 19977
2,AMP,CLA-MEC,4,1,85.71428571,uM,ATCC 19977
2,AMP,CLA-MEC,8,1,0,uM,ATCC 19977
2,AMP,CLA-MEC,16,1,28.41614907,uM,ATCC 19977
2,AMP,CLA-MEC,32,1,0,uM,ATCC 19977
2,AMP,CLA-MEC,64,1,6.52173913,uM,ATCC 19977
2,AMP,CLA-MEC,128,1,2.32919255,uM,ATCC 19977
2,AMP,CLA-MEC,0,2,7.45341615,uM,ATCC 19977
2,AMP,CLA-MEC,0.25,2,4.65838509,uM,ATCC 19977
2,AMP,CLA-MEC,0.5,2,52.63975155,uM,ATCC 19977
2,AMP,CLA-MEC,1,2,0,uM,ATCC 19977
2,AMP,CLA-MEC,2,2,6.05590062,uM,ATCC 19977
2,AMP,CLA-MEC,4,2,55.90062112,uM,ATCC 19977
2,AMP,CLA-MEC,8,2,0,uM,ATCC 19977
2,AMP,CLA-MEC,16,2,8.38509317,uM,ATCC 19977
2,AMP,CLA-MEC,32,2,0,uM,ATCC 19977
2,AMP,CLA-MEC,64,2,0,uM,ATCC 19977
2,AMP,CLA-MEC,128,2,21.42857143,uM,ATCC 19977
2,AMP,CLA-MEC,0,4,0,uM,ATCC 19977
2,AMP,CLA-MEC,0.25,4,0.46583851,uM,ATCC 19977
2,AMP,CLA-MEC,0.5,4,0,uM,ATCC 19977
2,AMP,CLA-MEC,1,4,0,uM,ATCC 19977
2,AMP,CLA-MEC,2,4,0,uM,ATCC 19977
2,AMP,CLA-MEC,4,4,21.89440994,uM,ATCC 19977
2,AMP,CLA-MEC,8,4,0,uM,ATCC 19977
2,AMP,CLA-MEC,16,4,22.36024845,uM,ATCC 19977
2,AMP,CLA-MEC,32,4,0,uM,ATCC 19977
2,AMP,CLA-MEC,64,4,0,uM,ATCC 19977
2,AMP,CLA-MEC,128,4,1.39751553,uM,ATCC 19977
3,AMP,CLA,0,0,100,uM,Smooth
3,AMP,CLA,0.25,0,99.45885236,uM,Smooth
3,AMP,CLA,0.5,0,99.29987688,uM,Smooth
3,AMP,CLA,1,0,97.80477844,uM,Smooth
3,AMP,CLA,2,0,92.49891121,uM,Smooth
3,AMP,CLA,4,0,93.31173132,uM,Smooth
3,AMP,CLA,8,0,93.67501304,uM,Smooth
3,AMP,CLA,16,0,93.35307331,uM,Smooth
3,AMP,CLA,32,0,75.95024091,uM,Smooth
3,AMP,CLA,64,0,61.908814,uM,Smooth
3,AMP,CLA,128,0,66.66666667,uM,Smooth
3,AMP,CLA,0,0.06,98.25247783,uM,Smooth
3,AMP,CLA,0.25,0.06,93.40042545,uM,Smooth
3,AMP,CLA,0.5,0.06,87.20569362,uM,Smooth
3,AMP,CLA,1,0.06,90.76857471,uM,Smooth
3,AMP,CLA,2,0.06,97.36609481,uM,Smooth
3,AMP,CLA,4,0.06,98.52942264,uM,Smooth
3,AMP,CLA,8,0.06,81.15762644,uM,Smooth
3,AMP,CLA,16,0.06,80.29624388,uM,Smooth
3,AMP,CLA,32,0.06,63.92368383,uM,Smooth
3,AMP,CLA,64,0.06,65.21238851,uM,Smooth
3,AMP,CLA,128,0.06,67.19476082,uM,Smooth
3,AMP,CLA,0,0.13,90.97413633,uM,Smooth
3,AMP,CLA,0.25,0.13,82.88071948,uM,Smooth
3,AMP,CLA,0.5,0.13,79.50628395,uM,Smooth
3,AMP,CLA,1,0.13,87.02193073,uM,Smooth
3,AMP,CLA,2,0.13,81.67493983,uM,Smooth
3,AMP,CLA,4,0.13,86.95096422,uM,Smooth
3,AMP,CLA,8,0.13,80.20128903,uM,Smooth
3,AMP,CLA,16,0.13,71.31258773,uM,Smooth
3,AMP,CLA,32,0.13,56.87793212,uM,Smooth
3,AMP,CLA,64,0.13,63.40621702,uM,Smooth
3,AMP,CLA,128,0.13,67.89467142,uM,Smooth
3,AMP,CLA,0,0.25,83.12373321,uM,Smooth
3,AMP,CLA,0.25,0.25,71.52854222,uM,Smooth
3,AMP,CLA,0.5,0.25,78.30099899,uM,Smooth
3,AMP,CLA,1,0.25,72.19773456,uM,Smooth
3,AMP,CLA,2,0.25,83.69821968,uM,Smooth
3,AMP,CLA,4,0.25,79.11538145,uM,Smooth
3,AMP,CLA,8,0.25,73.26503431,uM,Smooth
3,AMP,CLA,16,0.25,78.29509839,uM,Smooth
3,AMP,CLA,32,0.25,59.11836858,uM,Smooth
3,AMP,CLA,64,0.25,65.24705081,uM,Smooth
3,AMP,CLA,128,0.25,56.59467936,uM,Smooth
3,AMP,CLA,0,0.5,76.19784405,uM,Smooth
3,AMP,CLA,0.25,0.5,71.47429565,uM,Smooth
3,AMP,CLA,0.5,0.5,70.44664141,uM,Smooth
3,AMP,CLA,1,0.5,70.79872092,uM,Smooth
3,AMP,CLA,2,0.5,69.69490512,uM,Smooth
3,AMP,CLA,4,0.5,62.67343759,uM,Smooth
3,AMP,CLA,8,0.5,54.93099149,uM,Smooth
3,AMP,CLA,16,0.5,52.61987558,uM,Smooth
3,AMP,CLA,32,0.5,56.25990433,uM,Smooth
3,AMP,CLA,64,0.5,52.43185526,uM,Smooth
3,AMP,CLA,128,0.5,57.46440618,uM,Smooth
3,AMP,CLA,0,1,53.18327431,uM,Smooth
3,AMP,CLA,0.25,1,51.05851229,uM,Smooth
3,AMP,CLA,0.5,1,56.95415112,uM,Smooth
3,AMP,CLA,1,1,58.16085769,uM,Smooth
3,AMP,CLA,2,1,58.44355478,uM,Smooth
3,AMP,CLA,4,1,42.48121739,uM,Smooth
3,AMP,CLA,8,1,50.63024035,uM,Smooth
3,AMP,CLA,16,1,46.68654062,uM,Smooth
3,AMP,CLA,32,1,39.45372985,uM,Smooth
3,AMP,CLA,64,1,42.76366206,uM,Smooth
3,AMP,CLA,128,1,48.4264503,uM,Smooth
3,AMP,CLA,0,2,38.23618502,uM,Smooth
3,AMP,CLA,0.25,2,34.2094836,uM,Smooth
3,AMP,CLA,0.5,2,33.89121005,uM,Smooth
3,AMP,CLA,1,2,31.97151044,uM,Smooth
3,AMP,CLA,2,2,37.2052449,uM,Smooth
3,AMP,CLA,4,2,33.23005876,uM,Smooth
3,AMP,CLA,8,2,33.09291784,uM,Smooth
3,AMP,CLA,16,2,31.85440685,uM,Smooth
3,AMP,CLA,32,2,29.55552698,uM,Smooth
3,AMP,CLA,64,2,29.46100533,uM,Smooth
3,AMP,CLA,128,2,29.6577516,uM,Smooth
3,AMP,CLA,0,4,26.64592694,uM,Smooth
3,AMP,CLA,0.25,4,17.26136831,uM,Smooth
3,AMP,CLA,0.5,4,16.24091027,uM,Smooth
3,AMP,CLA,1,4,13.72942758,uM,Smooth
3,AMP,CLA,2,4,13.03494262,uM,Smooth
3,AMP,CLA,4,4,15.02575323,uM,Smooth
3,AMP,CLA,8,4,12.21323867,uM,Smooth
3,AMP,CLA,16,4,14.71046734,uM,Smooth
3,AMP,CLA,32,4,13.23822739,uM,Smooth
3,AMP,CLA,64,4,11.02821744,uM,Smooth
3,AMP,CLA,128,4,7.89821951,uM,Smooth
4,AMP,CLA-MEC,0,0,100,uM,Smooth
4,AMP,CLA-MEC,0.25,0,93.84033035,uM,Smooth
4,AMP,CLA-MEC,0.5,0,92.60965759,uM,Smooth
4,AMP,CLA-MEC,1,0,95.18441892,uM,Smooth
4,AMP,CLA-MEC,2,0,90.62755162,uM,Smooth
4,AMP,CLA-MEC,4,0,91.72108399,uM,Smooth
4,AMP,CLA-MEC,8,0,92.0968112,uM,Smooth
4,AMP,CLA-MEC,16,0,89.40786596,uM,Smooth
4,AMP,CLA-MEC,32,0,87.91907353,uM,Smooth
4,AMP,CLA-MEC,64,0,63.52987645,uM,Smooth
4,AMP,CLA-MEC,128,0,62.77816013,uM,Smooth
4,AMP,CLA-MEC,0,0.06,100,uM,Smooth
4,AMP,CLA-MEC,0.25,0.06,93.36739879,uM,Smooth
4,AMP,CLA-MEC,0.5,0.06,97.86124152,uM,Smooth
4,AMP,CLA-MEC,1,0.06,95.69855471,uM,Smooth
4,AMP,CLA-MEC,2,0.06,87.37246299,uM,Smooth
4,AMP,CLA-MEC,4,0.06,87.2176753,uM,Smooth
4,AMP,CLA-MEC,8,0.06,88.88327114,uM,Smooth
4,AMP,CLA-MEC,16,0.06,76.73405627,uM,Smooth
4,AMP,CLA-MEC,32,0.06,75.46507666,uM,Smooth
4,AMP,CLA-MEC,64,0.06,70.30188831,uM,Smooth
4,AMP,CLA-MEC,128,0.06,56.08426488,uM,Smooth
4,AMP,CLA-MEC,0,0.13,93.4298158,uM,Smooth
4,AMP,CLA-MEC,0.25,0.13,97.6256022,uM,Smooth
4,AMP,CLA-MEC,0.5,0.13,90.15372536,uM,Smooth
4,AMP,CLA-MEC,1,0.13,87.37912423,uM,Smooth
4,AMP,CLA-MEC,2,0.13,92.50511006,uM,Smooth
4,AMP,CLA-MEC,4,0.13,85.11099005,uM,Smooth
4,AMP,CLA-MEC,8,0.13,89.2200725,uM,Smooth
4,AMP,CLA-MEC,16,0.13,86.43587781,uM,Smooth
4,AMP,CLA-MEC,32,0.13,66.4370077,uM,Smooth
4,AMP,CLA-MEC,64,0.13,60.53840205,uM,Smooth
4,AMP,CLA-MEC,128,0.13,66.33881092,uM,Smooth
4,AMP,CLA-MEC,0,0.25,97.9786836,uM,Smooth
4,AMP,CLA-MEC,0.25,0.25,86.91939804,uM,Smooth
4,AMP,CLA-MEC,0.5,0.25,84.08073369,uM,Smooth
4,AMP,CLA-MEC,1,0.25,98.04643927,uM,Smooth
4,AMP,CLA-MEC,2,0.25,89.43895793,uM,Smooth
4,AMP,CLA-MEC,4,0.25,92.2196268,uM,Smooth
4,AMP,CLA-MEC,8,0.25,96.5014409,uM,Smooth
4,AMP,CLA-MEC,16,0.25,73.06631042,uM,Smooth
4,AMP,CLA-MEC,32,0.25,75.95996193,uM,Smooth
4,AMP,CLA-MEC,64,0.25,59.55125092,uM,Smooth
4,AMP,CLA-MEC,128,0.25,53.10248339,uM,Smooth
4,AMP,CLA-MEC,0,0.5,95.98174387,uM,Smooth
4,AMP,CLA-MEC,0.25,0.5,81.24036317,uM,Smooth
4,AMP,CLA-MEC,0.5,0.5,75.82800567,uM,Smooth
4,AMP,CLA-MEC,1,0.5,81.61773551,uM,Smooth
4,AMP,CLA-MEC,2,0.5,83.9322228,uM,Smooth
4,AMP,CLA-MEC,4,0.5,70.87216001,uM,Smooth
4,AMP,CLA-MEC,8,0.5,73.73867002,uM,Smooth
4,AMP,CLA-MEC,16,0.5,61.21103354,uM,Smooth
4,AMP,CLA-MEC,32,0.5,65.69717705,uM,Smooth
4,AMP,CLA-MEC,64,0.5,46.55725358,uM,Smooth
4,AMP,CLA-MEC,128,0.5,52.55683806,uM,Smooth
4,AMP,CLA-MEC,0,1,76.09461111,uM,Smooth
4,AMP,CLA-MEC,0.25,1,65.63463409,uM,Smooth
4,AMP,CLA-MEC,0.5,1,66.23042837,uM,Smooth
4,AMP,CLA-MEC,1,1,75.65495619,uM,Smooth
4,AMP,CLA-MEC,2,1,77.14568752,uM,Smooth
4,AMP,CLA-MEC,4,1,61.31109131,uM,Smooth
4,AMP,CLA-MEC,8,1,61.20696861,uM,Smooth
4,AMP,CLA-MEC,16,1,47.76040979,uM,Smooth
4,AMP,CLA-MEC,32,1,45.98136819,uM,Smooth
4,AMP,CLA-MEC,64,1,37.45146242,uM,Smooth
4,AMP,CLA-MEC,128,1,51.25568381,uM,Smooth
4,AMP,CLA-MEC,0,2,48.16938255,uM,Smooth
4,AMP,CLA-MEC,0.25,2,53.37803234,uM,Smooth
4,AMP,CLA-MEC,0.5,2,53.42264589,uM,Smooth
4,AMP,CLA-MEC,1,2,52.2628319,uM,Smooth
4,AMP,CLA-MEC,2,2,58.90293149,uM,Smooth
4,AMP,CLA-MEC,4,2,51.96207255,uM,Smooth
4,AMP,CLA-MEC,8,2,47.51786255,uM,Smooth
4,AMP,CLA-MEC,16,2,36.52834125,uM,Smooth
4,AMP,CLA-MEC,32,2,46.51339498,uM,Smooth
4,AMP,CLA-MEC,64,2,30.88844931,uM,Smooth
4,AMP,CLA-MEC,128,2,45.0856943,uM,Smooth
4,AMP,CLA-MEC,0,4,32.60900534,uM,Smooth
4,AMP,CLA-MEC,0.25,4,36.33790407,uM,Smooth
4,AMP,CLA-MEC,0.5,4,59.44302865,uM,Smooth
4,AMP,CLA-MEC,1,4,69.83022039,uM,Smooth
4,AMP,CLA-MEC,2,4,41.93660129,uM,Smooth
4,AMP,CLA-MEC,4,4,42.62854326,uM,Smooth
4,AMP,CLA-MEC,8,4,30.19817034,uM,Smooth
4,AMP,CLA-MEC,16,4,56.09149952,uM,Smooth
4,AMP,CLA-MEC,32,4,33.35139888,uM,Smooth
4,AMP,CLA-MEC,64,4,44.11777837,uM,Smooth
4,AMP,CLA-MEC,128,4,50,uM,Smooth
5,AMP,CLA,0,0,100,uM,Rough
5,AMP,CLA,0.25,0,74.43365696,uM,Rough
5,AMP,CLA,0.5,0,79.61165049,uM,Rough
5,AMP,CLA,1,0,71.41316073,uM,Rough
5,AMP,CLA,2,0,72.6478376,uM,Rough
5,AMP,CLA,4,0,62.56096222,uM,Rough
5,AMP,CLA,8,0,68.50053937,uM,Rough
5,AMP,CLA,16,0,66.66666667,uM,Rough
5,AMP,CLA,32,0,69.79503776,uM,Rough
5,AMP,CLA,64,0,53.59341922,uM,Rough
5,AMP,CLA,128,0,8.91005867,uM,Rough
5,AMP,CLA,0,0.06,72.49190939,uM,Rough
5,AMP,CLA,0.25,0.06,68.84968515,uM,Rough
5,AMP,CLA,0.5,0.06,85.67912718,uM,Rough
5,AMP,CLA,1,0.06,69.71462195,uM,Rough
5,AMP,CLA,2,0.06,71.84466019,uM,Rough
5,AMP,CLA,4,0.06,46.17754782,uM,Rough
5,AMP,CLA,8,0.06,80.25889968,uM,Rough
5,AMP,CLA,16,0.06,49.77674542,uM,Rough
5,AMP,CLA,32,0.06,66.93217272,uM,Rough
5,AMP,CLA,64,0.06,46.08684367,uM,Rough
5,AMP,CLA,128,0.06,26.91767979,uM,Rough
5,AMP,CLA,0,0.13,67.42219591,uM,Rough
5,AMP,CLA,0.25,0.13,75.78317916,uM,Rough
5,AMP,CLA,0.5,0.13,58.8829637,uM,Rough
5,AMP,CLA,1,0.13,55.52293471,uM,Rough
5,AMP,CLA,2,0.13,69.38119055,uM,Rough
5,AMP,CLA,4,0.13,61.2901,uM,Rough
5,AMP,CLA,8,0.13,67.10299319,uM,Rough
5,AMP,CLA,16,0.13,60.71848066,uM,Rough
5,AMP,CLA,32,0.13,49.91826292,uM,Rough
5,AMP,CLA,64,0.13,60.79715239,uM,Rough
5,AMP,CLA,128,0.13,25.97446472,uM,Rough
5,AMP,CLA,0,0.25,67.38453073,uM,Rough
5,AMP,CLA,0.25,0.25,66.3515922,uM,Rough
5,AMP,CLA,0.5,0.25,51.71821112,uM,Rough
5,AMP,CLA,1,0.25,57.74407642,uM,Rough
5,AMP,CLA,2,0.25,55.23745683,uM,Rough
5,AMP,CLA,4,0.25,44.03269953,uM,Rough
5,AMP,CLA,8,0.25,67.61943016,uM,Rough
5,AMP,CLA,16,0.25,41.45901196,uM,Rough
5,AMP,CLA,32,0.25,46.75362426,uM,Rough
5,AMP,CLA,64,0.25,46.32016344,uM,Rough
5,AMP,CLA,128,0.25,17.11491404,uM,Rough
5,AMP,CLA,0,0.5,42.02388398,uM,Rough
5,AMP,CLA,0.25,0.5,42.60816995,uM,Rough
5,AMP,CLA,0.5,0.5,56.53941896,uM,Rough
5,AMP,CLA,1,0.5,42.56109728,uM,Rough
5,AMP,CLA,2,0.5,59.42280194,uM,Rough
5,AMP,CLA,4,0.5,28.0818651,uM,Rough
5,AMP,CLA,8,0.5,42.47107433,uM,Rough
5,AMP,CLA,16,0.5,42.81078913,uM,Rough
5,AMP,CLA,32,0.5,36.93280694,uM,Rough
5,AMP,CLA,64,0.5,40.15816558,uM,Rough
5,AMP,CLA,128,0.5,12.47855569,uM,Rough
5,AMP,CLA,0,1,30.64004383,uM,Rough
5,AMP,CLA,0.25,1,34.67938498,uM,Rough
5,AMP,CLA,0.5,1,48.33936716,uM,Rough
5,AMP,CLA,1,1,27.76940969,uM,Rough
5,AMP,CLA,2,1,30.02389455,uM,Rough
5,AMP,CLA,4,1,28.06833523,uM,Rough
5,AMP,CLA,8,1,17.20101427,uM,Rough
5,AMP,CLA,16,1,28.30840232,uM,Rough
5,AMP,CLA,32,1,23.56907251,uM,Rough
5,AMP,CLA,64,1,20.93770682,uM,Rough
5,AMP,CLA,128,1,11.37058628,uM,Rough
5,AMP,CLA,0,2,10.66263472,uM,Rough
5,AMP,CLA,0.25,2,19.76795453,uM,Rough
5,AMP,CLA,0.5,2,39.63790571,uM,Rough
5,AMP,CLA,1,2,21.42726609,uM,Rough
5,AMP,CLA,2,2,25.56171564,uM,Rough
5,AMP,CLA,4,2,9.58713347,uM,Rough
5,AMP,CLA,8,2,23.31693776,uM,Rough
5,AMP,CLA,16,2,17.53288363,uM,Rough
5,AMP,CLA,32,2,26.17788254,uM,Rough
5,AMP,CLA,64,2,15.35106897,uM,Rough
5,AMP,CLA,128,2,11.30988391,uM,Rough
5,AMP,CLA,0,4,0,uM,Rough
5,AMP,CLA,0.25,4,6.56937376,uM,Rough
5,AMP,CLA,0.5,4,19.25468275,uM,Rough
5,AMP,CLA,1,4,8.2720408,uM,Rough
5,AMP,CLA,2,4,6.60457843,uM,Rough
5,AMP,CLA,4,4,7.96901049,uM,Rough
5,AMP,CLA,8,4,9.96841269,uM,Rough
5,AMP,CLA,16,4,6.19279241,uM,Rough
5,AMP,CLA,32,4,4.64733962,uM,Rough
5,AMP,CLA,64,4,3.89221557,uM,Rough
5,AMP,CLA,128,4,2.09580838,uM,Rough
6,AMP,CLA-MEC,0,0,100,uM,Rough
6,AMP,CLA-MEC,0.25,0,98.55495345,uM,Rough
6,AMP,CLA-MEC,0.5,0,94.6783382,uM,Rough
6,AMP,CLA-MEC,1,0,99.05516187,uM,Rough
6,AMP,CLA-MEC,2,0,94.56831503,uM,Rough
6,AMP,CLA-MEC,4,0,94.72002223,uM,Rough
6,AMP,CLA-MEC,8,0,98.013061,uM,Rough
6,AMP,CLA-MEC,16,0,66.66666667,uM,Rough
6,AMP,CLA-MEC,32,0,66.79171877,uM,Rough
6,AMP,CLA-MEC,64,0,66.66666667,uM,Rough
6,AMP,CLA-MEC,128,0,66.66666667,uM,Rough
6,AMP,CLA-MEC,0,0.06,83.05034521,uM,Rough
6,AMP,CLA-MEC,0.25,0.06,84.79986987,uM,Rough
6,AMP,CLA-MEC,0.5,0.06,66.57781703,uM,Rough
6,AMP,CLA-MEC,1,0.06,82.9858837,uM,Rough
6,AMP,CLA-MEC,2,0.06,75.92183982,uM,Rough
6,AMP,CLA-MEC,4,0.06,89.02519161,uM,Rough
6,AMP,CLA-MEC,8,0.06,82.93875137,uM,Rough
6,AMP,CLA-MEC,16,0.06,62.27220782,uM,Rough
6,AMP,CLA-MEC,32,0.06,57.82568165,uM,Rough
6,AMP,CLA-MEC,64,0.06,41.57831918,uM,Rough
6,AMP,CLA-MEC,128,0.06,42.75669405,uM,Rough
6,AMP,CLA-MEC,0,0.13,79.22897234,uM,Rough
6,AMP,CLA-MEC,0.25,0.13,69.81310802,uM,Rough
6,AMP,CLA-MEC,0.5,0.13,60.82278681,uM,Rough
6,AMP,CLA-MEC,1,0.13,81.25034163,uM,Rough
6,AMP,CLA-MEC,2,0.13,73.30145426,uM,Rough
6,AMP,CLA-MEC,4,0.13,77.40145517,uM,Rough
6,AMP,CLA-MEC,8,0.13,66.66815919,uM,Rough
6,AMP,CLA-MEC,16,0.13,63.40982663,uM,Rough
6,AMP,CLA-MEC,32,0.13,50.72114791,uM,Rough
6,AMP,CLA-MEC,64,0.13,34.53363851,uM,Rough
6,AMP,CLA-MEC,128,0.13,45.93840675,uM,Rough
6,AMP,CLA-MEC,0,0.25,66.39436785,uM,Rough
6,AMP,CLA-MEC,0.25,0.25,49.85965337,uM,Rough
6,AMP,CLA-MEC,0.5,0.25,49.76435361,uM,Rough
6,AMP,CLA-MEC,1,0.25,64.48068145,uM,Rough
6,AMP,CLA-MEC,2,0.25,60.64683817,uM,Rough
6,AMP,CLA-MEC,4,0.25,81.20158479,uM,Rough
6,AMP,CLA-MEC,8,0.25,54.97077175,uM,Rough
6,AMP,CLA-MEC,16,0.25,49.61938067,uM,Rough
6,AMP,CLA-MEC,32,0.25,33.20029813,uM,Rough
6,AMP,CLA-MEC,64,0.25,28.69301646,uM,Rough
6,AMP,CLA-MEC,128,0.25,32.30710403,uM,Rough
6,AMP,CLA-MEC,0,0.5,61.04062285,uM,Rough
6,AMP,CLA-MEC,0.25,0.5,45.81713338,uM,Rough
6,AMP,CLA-MEC,0.5,0.5,50.89033588,uM,Rough
6,AMP,CLA-MEC,1,0.5,53.58727112,uM,Rough
6,AMP,CLA-MEC,2,0.5,50.09375852,uM,Rough
6,AMP,CLA-MEC,4,0.5,54.63198511,uM,Rough
6,AMP,CLA-MEC,8,0.5,37.43209132,uM,Rough
6,AMP,CLA-MEC,16,0.5,23.28254843,uM,Rough
6,AMP,CLA-MEC,32,0.5,29.97937012,uM,Rough
6,AMP,CLA-MEC,64,0.5,28.39429078,uM,Rough
6,AMP,CLA-MEC,128,0.5,25.98077884,uM,Rough
6,AMP,CLA-MEC,0,1,42.66884783,uM,Rough
6,AMP,CLA-MEC,0.25,1,27.94083815,uM,Rough
6,AMP,CLA-MEC,0.5,1,36.34162382,uM,Rough
6,AMP,CLA-MEC,1,1,56.52007323,uM,Rough
6,AMP,CLA-MEC,2,1,36.2621542,uM,Rough
6,AMP,CLA-MEC,4,1,41.61946938,uM,Rough
6,AMP,CLA-MEC,8,1,29.43600532,uM,Rough
6,AMP,CLA-MEC,16,1,18.25934187,uM,Rough
6,AMP,CLA-MEC,32,1,28.19290666,uM,Rough
6,AMP,CLA-MEC,64,1,22.68877363,uM,Rough
6,AMP,CLA-MEC,128,1,20.07128944,uM,Rough
6,AMP,CLA-MEC,0,2,39.03666046,uM,Rough
6,AMP,CLA-MEC,0.25,2,31.47399276,uM,Rough
6,AMP,CLA-MEC,0.5,2,29.39844689,uM,Rough
6,AMP,CLA-MEC,1,2,35.54471298,uM,Rough
6,AMP,CLA-MEC,2,2,28.76026483,uM,Rough
6,AMP,CLA-MEC,4,2,34.58664588,uM,Rough
6,AMP,CLA-MEC,8,2,24.66904984,uM,Rough
6,AMP,CLA-MEC,16,2,20.64827084,uM,Rough
6,AMP,CLA-MEC,32,2,22.17476621,uM,Rough
6,AMP,CLA-MEC,64,2,20.51294495,uM,Rough
6,AMP,CLA-MEC,128,2,15.79904542,uM,Rough
6,AMP,CLA-MEC,0,4,28.19594991,uM,Rough
6,AMP,CLA-MEC,0.25,4,38.45031514,uM,Rough
6,AMP,CLA-MEC,0.5,4,30.32355012,uM,Rough
6,AMP,CLA-MEC,1,4,46.37396494,uM,Rough
6,AMP,CLA-MEC,2,4,25.46193618,uM,Rough
6,AMP,CLA-MEC,4,4,26.60162287,uM,Rough
6,AMP,CLA-MEC,8,4,17.80049011,uM,Rough
6,AMP,CLA-MEC,16,4,16.37090131,uM,Rough
6,AMP,CLA-MEC,32,4,17.47998423,uM,Rough
6,AMP,CLA-MEC,64,4,13.9006802,uM,Rough
6,AMP,CLA-MEC,128,4,22.0728044,uM,Rough
7,AMX,CFX,0,0,100,uM,PS4
7,AMX,CFX,0.25,0,100,uM,PS4
7,AMX,CFX,0.5,0,100,uM,PS4
7,AMX,CFX,1,0,97.4188054,uM,PS4
7,AMX,CFX,2,0,98.17407701,uM,PS4
7,AMX,CFX,4,0,95.48805434,uM,PS4
7,AMX,CFX,8,0,93.35091519,uM,PS4
7,AMX,CFX,16,0,89.81706494,uM,PS4
7,AMX,CFX,32,0,92.7784343,uM,PS4
7,AMX,CFX,64,0,85.43174028,uM,PS4
7,AMX,CFX,128,0,61.46498536,uM,PS4
7,AMX,CFX,0,0.06,98.01183889,uM,PS4
7,AMX,CFX,0.25,0.06,96.40517156,uM,PS4
7,AMX,CFX,0.5,0.06,95.23761341,uM,PS4
7,AMX,CFX,1,0.06,91.90619456,uM,PS4
7,AMX,CFX,2,0.06,98.04836136,uM,PS4
7,AMX,CFX,4,0.06,93.72261595,uM,PS4
7,AMX,CFX,8,0.06,93.87752746,uM,PS4
7,AMX,CFX,16,0.06,88.67573869,uM,PS4
7,AMX,CFX,32,0.06,93.1158193,uM,PS4
7,AMX,CFX,64,0.06,92.03141503,uM,PS4
7,AMX,CFX,128,0.06,68.30250558,uM,PS4
7,AMX,CFX,0,0.13,95.95290181,uM,PS4
7,AMX,CFX,0.25,0.13,91.66119902,uM,PS4
7,AMX,CFX,0.5,0.13,92.64760982,uM,PS4
7,AMX,CFX,1,0.13,91.47460627,uM,PS4
7,AMX,CFX,2,0.13,93.44297362,uM,PS4
7,AMX,CFX,4,0.13,93.70093939,uM,PS4
7,AMX,CFX,8,0.13,96.00080631,uM,PS4
7,AMX,CFX,16,0.13,88.6123841,uM,PS4
7,AMX,CFX,32,0.13,94.6986256,uM,PS4
7,AMX,CFX,64,0.13,87.68635099,uM,PS4
7,AMX,CFX,128,0.13,58.15814068,uM,PS4
7,AMX,CFX,0,0.25,94.31933092,uM,PS4
7,AMX,CFX,0.25,0.25,93.28954291,uM,PS4
7,AMX,CFX,0.5,0.25,89.61463355,uM,PS4
7,AMX,CFX,1,0.25,88.98804156,uM,PS4
7,AMX,CFX,2,0.25,93.85871931,uM,PS4
7,AMX,CFX,4,0.25,94.15172044,uM,PS4
7,AMX,CFX,8,0.25,94.18190745,uM,PS4
7,AMX,CFX,16,0.25,88.73315427,uM,PS4
7,AMX,CFX,32,0.25,93.3222074,uM,PS4
7,AMX,CFX,64,0.25,79.35748198,uM,PS4
7,AMX,CFX,128,0.25,51.38015065,uM,PS4
7,AMX,CFX,0,0.5,89.25827784,uM,PS4
7,AMX,CFX,0.25,0.5,90.40767512,uM,PS4
7,AMX,CFX,0.5,0.5,89.54930061,uM,PS4
7,AMX,CFX,1,0.5,89.2000895,uM,PS4
7,AMX,CFX,2,0.5,88.435691,uM,PS4
7,AMX,CFX,4,0.5,89.98633035,uM,PS4
7,AMX,CFX,8,0.5,93.7829876,uM,PS4
7,AMX,CFX,16,0.5,81.24210006,uM,PS4
7,AMX,CFX,32,0.5,84.9575063,uM,PS4
7,AMX,CFX,64,0.5,71.62080179,uM,PS4
7,AMX,CFX,128,0.5,38.97489952,uM,PS4
7,AMX,CFX,0,1,90.42555683,uM,PS4
7,AMX,CFX,0.25,1,87.89397138,uM,PS4
7,AMX,CFX,0.5,1,87.26395035,uM,PS4
7,AMX,CFX,1,1,84.70615177,uM,PS4
7,AMX,CFX,2,1,84.81604743,uM,PS4
7,AMX,CFX,4,1,92.79509758,uM,PS4
7,AMX,CFX,8,1,90.03927826,uM,PS4
7,AMX,CFX,16,1,75.68128701,uM,PS4
7,AMX,CFX,32,1,84.74766493,uM,PS4
7,AMX,CFX,64,1,67.78893785,uM,PS4
7,AMX,CFX,128,1,35.33434644,uM,PS4
7,AMX,CFX,0,2,79.07230288,uM,PS4
7,AMX,CFX,0.25,2,82.59428796,uM,PS4
7,AMX,CFX,0.5,2,81.03935544,uM,PS4
7,AMX,CFX,1,2,82.86277416,uM,PS4
7,AMX,CFX,2,2,75.01319568,uM,PS4
7,AMX,CFX,4,2,76.66509341,uM,PS4
7,AMX,CFX,8,2,87.25674055,uM,PS4
7,AMX,CFX,16,2,67.62201743,uM,PS4
7,AMX,CFX,32,2,71.27342083,uM,PS4
7,AMX,CFX,64,2,64.08776648,uM,PS4
7,AMX,CFX,128,2,32.60816441,uM,PS4
7,AMX,CFX,0,4,67.01836671,uM,PS4
7,AMX,CFX,0.25,4,66.07688676,uM,PS4
7,AMX,CFX,0.5,4,64.40183035,uM,PS4
7,AMX,CFX,1,4,72.30712127,uM,PS4
7,AMX,CFX,2,4,68.1520533,uM,PS4
7,AMX,CFX,4,4,67.20490304,uM,PS4
7,AMX,CFX,8,4,70.20276321,uM,PS4
7,AMX,CFX,16,4,54.68458508,uM,PS4
7,AMX,CFX,32,4,53.49024862,uM,PS4
7,AMX,CFX,64,4,65.66064603,uM,PS4
7,AMX,CFX,128,4,10.97460821,uM,PS4
